,Meand13C,SDd13C,Meand15N,SDd15N,n
Forest,-27.77,2.409079081,8.24,4.10817798,45
Mix,-18.77,3.284539696,8.25,2.581568907,34
Pest,-11.78,1.164051428,3.85,3.18293787,32
